,date,FEDFUNDS,GDPC1,UNRATE,MEDCPIM158SFRBCLE,RSAFS,UMCSENT,target_upper,target_lower,FEDFUNDS_year,GDPC1_year,UNRATE_year,MEDCPIM158SFRBCLE_year,RSAFS_year,UMCSENT_year,FEDFUNDS_month,GDPC1_month,UNRATE_month,MEDCPIM158SFRBCLE_month,RSAFS_month,UMCSENT_month,GDPPOT
0,1996-01-01,5.56,11614.418,5.6,3.77576772431056,208699.0,89.3,6.5,,0.5425,2.60131,0.0,-9.8043,3.5352,-8.5041,-0.71429,0.74905,0.0,46.36763,-0.80799,-1.86813,10879.309158135062
1,1996-02-01,5.22,,5.5,2.6189607116124103,212008.0,88.5,6.5,,-11.82432,,1.85185,-21.53243,6.85941,-6.94006,-6.11511,,-1.78571,-30.63766,1.58554,-0.89586,
2,1996-03-01,5.31,,5.5,3.1105647730186496,213891.0,93.7,6.5,,-11.20401,,1.85185,-4.71751,6.81359,3.76523,1.72414,,0.0,18.77096,0.88817,5.87571,
3,1996-04-01,5.22,11808.14,5.6,3.1332757133388798,214676.0,92.7,6.5,,-13.71901,4.00238,-3.44828,-14.3565,6.78698,0.21622,-1.69492,1.66794,1.81818,0.73012,0.36701,-1.06724,10961.169452731983
4,1996-05-01,5.24,,5.6,2.9377900582841403,216299.0,89.4,6.5,,-12.81198,,0.0,-17.46535,6.55858,-0.44543,0.38314,,0.0,-6.23902,0.75602,-3.55987,
5,1996-06-01,5.27,,5.3,2.51124866161314,216068.0,92.4,6.5,,-12.16667,,-5.35714,19.60966,5.14258,-0.32362,0.57252,,-5.35714,-14.51912,-0.1068,3.3557,
6,1996-07-01,5.4,11914.063,5.5,3.1963724632271004,216332.0,94.7,6.5,,-7.69231,4.05013,-3.50877,5.39639,5.569,0.3178,2.46679,0.89703,3.77358,27.2822,0.12218,2.48918,11050.502724170348
7,1996-08-01,5.22,,5.1,2.3215009912297,216358.0,95.3,6.5,,-9.05923,,-10.52632,-21.10043,4.7632,-0.93555,-3.33333,,-7.27273,-27.37076,0.01202,0.63358,
8,1996-09-01,5.3,,5.2,3.13018982525812,219256.0,94.7,6.5,,-8.62069,,-7.14286,-4.07642,5.9177,6.52418,1.53257,,1.96078,34.83474,1.33945,-0.62959,
9,1996-10-01,5.24,12037.775,5.2,2.8819818031793303,221060.0,96.5,6.5,,-9.02778,4.42145,-5.45455,-10.69181,7.21907,6.98448,-1.13208,1.03837,0.0,-7.92949,0.82278,1.90074,11145.657938016473
10,1996-11-01,5.31,,5.4,3.4965341186496497,220963.0,99.2,6.5,,-8.44828,,-3.57143,30.99416,5.89416,12.47166,1.33588,,3.84615,21.32395,-0.04388,2.79793,
11,1996-12-01,5.29,,5.4,2.20024121572453,221991.0,96.9,6.5,,-5.53571,,-3.57143,-14.70765,5.50953,6.48352,-0.37665,,0.0,-37.07365,0.46524,-2.31855,
12,1997-01-01,5.25,12115.472,5.3,3.0261790535140802,223481.0,97.4,6.5,,-5.57554,4.31407,-5.35714,-19.85262,7.08293,9.07055,-0.75614,0.64544,-1.85185,37.53851,0.6712,0.516,11244.924013707889
13,1997-02-01,5.19,,5.2,2.34294951187677,225422.0,99.7,6.5,,-0.57471,,-5.45455,-10.53896,6.32712,12.65537,-1.14286,,-1.88679,-22.5773,0.86853,2.3614,
14,1997-03-01,5.39,,5.2,2.95319457160124,226161.0,100.0,6.5,,1.50659,,-5.45455,-5.05922,5.73657,6.72359,3.85356,,0.0,26.04602,0.32783,0.3009,
15,1997-04-01,5.51,12317.221,5.1,2.9877083499694,224615.0,101.4,6.5,,5.55556,4.31127,-8.92857,-4.64585,4.62977,9.38511,2.22635,1.66522,-1.92308,1.16869,-0.68358,1.4,11346.384007588204
16,1997-05-01,5.5,,4.9,2.63567345485551,222929.0,103.2,6.5,,4.96183,,-12.5,-10.28381,3.0652,15.43624,-0.18149,,-3.92157,-11.78277,-0.75062,1.77515,
17,1997-06-01,5.56,,5.0,2.49848264690866,226057.0,104.5,6.5,,5.50285,,-5.66038,-0.50835,4.62308,13.09524,1.09091,,2.04082,-5.20515,1.40314,1.25969,
18,1997-07-01,5.52,12471.01,4.9,2.02617633760405,228703.0,107.1,6.5,,2.22222,4.6747,-10.90909,-36.61013,5.71853,13.09398,-0.71942,1.24857,-2.0,-18.90373,1.1705,2.48804,11450.56977814428
19,1997-08-01,5.54,,4.8,2.31561868855912,229309.0,104.4,6.5,,6.13027,,-5.88235,-0.25338,5.98591,9.54879,0.36232,,-2.04082,14.28515,0.26497,-2.52101,
20,1997-09-01,5.54,,4.9,2.53199694313149,230312.0,106.0,6.5,,4.5283,,-5.76923,-19.11043,5.04251,11.93242,0.0,,2.08333,9.3443,0.4374,1.53257,
21,1997-10-01,5.5,12577.495,4.7,2.4815449287927596,229836.0,105.6,6.5,,4.96183,4.48355,-9.61538,-13.8945,3.96996,9.43005,-0.72202,0.85386,-4.08163,-1.99258,-0.20668,-0.37736,11556.792999611987
22,1997-11-01,5.52,,4.6,2.7079596776415897,230440.0,107.2,6.5,,3.9548,,-14.81481,-22.55303,4.28895,8.06452,0.36364,,-2.12766,9.12394,0.2628,1.51515,
23,1997-12-01,5.5,,4.7,3.06873423353,231181.0,102.1,6.5,,3.96975,,-12.96296,39.47263,4.13981,5.36636,-0.36232,,2.17391,13.32274,0.32156,-4.75746,
24,1998-01-01,5.56,12703.742,4.6,2.42179277848711,231587.0,106.6,6.5,,5.90476,4.85553,-13.20755,-19.97193,3.62715,9.44559,1.09091,1.00375,-2.12766,-21.0817,0.17562,4.40744,11664.98592206671
25,1998-02-01,5.51,,4.6,2.87065094209522,231684.0,110.4,6.5,,6.1657,,-11.53846,22.52295,2.7779,10.7322,-0.89928,,0.0,18.53413,0.04188,3.56473,
26,1998-03-01,5.49,,4.7,2.44301532251741,233083.0,106.5,6.5,,1.85529,,-9.61538,-17.2755,3.06065,6.5,-0.36298,,2.17391,-14.89682,0.60384,-3.53261,
27,1998-04-01,5.45,12821.339,4.3,2.2748187478652997,235986.0,108.7,6.5,,-1.08893,4.09279,-15.68627,-23.86075,5.06244,7.19921,-0.7286,0.92569,-8.51064,-6.88479,1.24548,2.06573,11776.732056230408
28,1998-05-01,5.49,,4.4,3.03777216799082,237075.0,106.5,6.5,,-0.18182,,-10.20408,15.25601,6.34552,3.19767,0.73394,,2.32558,33.53909,0.46147,-2.02392,
29,1998-06-01,5.56,,4.5,3.12389474765322,238971.0,105.6,6.5,,0.0,,-10.0,25.03168,5.71272,1.05263,1.27505,,2.27273,2.83506,0.79975,-0.84507,
30,1998-07-01,5.54,12982.752,4.5,3.21477716314102,237411.0,105.2,6.5,,0.36232,4.10345,-8.16327,58.66226,3.80756,-1.77404,-0.35971,1.25894,0.0,2.90927,-0.6528,-0.37879,11892.757550134585
31,1998-08-01,5.55,,4.5,3.3717716016433705,236379.0,104.4,6.5,,0.18051,,-6.25,45.60997,3.08318,0.0,0.18051,,0.0,4.88352,-0.43469,-0.76046,
32,1998-09-01,5.51,,4.6,3.1662397199017995,238550.0,100.9,6.5,,-0.54152,,-6.12245,25.04911,3.57689,-4.81132,-0.72072,,2.22222,-6.09566,0.91844,-3.35249,
33,1998-10-01,5.07,13191.67,4.5,3.33701606701728,242549.0,97.4,6.5,,-7.81818,4.88313,-4.25532,34.47333,5.53134,-7.76515,-7.98548,1.6092,-2.17391,5.39366,1.67638,-3.46878,12015.9197752012
34,1998-11-01,4.83,,4.4,2.1930187838977,244291.0,102.7,6.5,,-12.5,,-4.34783,-19.01583,6.01068,-4.19776,-4.73373,,-2.22222,-34.28204,0.71821,5.44148,
35,1998-12-01,4.68,,4.4,1.9936687234930899,246530.0,100.5,6.5,,-14.90909,,-6.38298,-35.03286,6.63939,-1.56709,-3.10559,,0.0,-9.09021,0.91653,-2.14216,
36,1999-01-01,4.63,13315.597,4.3,1.5491720432712501,246868.0,103.9,6.5,,-16.72662,4.81634,-6.52174,-36.03201,6.59838,-2.53283,-1.06838,0.93943,-2.27273,-22.29541,0.1371,3.38308,12149.437433957917
37,1999-02-01,4.76,,4.4,1.7404106130861599,249520.0,108.1,6.5,,-13.61162,,-4.34783,-39.37227,7.69842,-2.08333,2.80778,,2.32558,12.34457,1.07426,4.04235,
38,1999-03-01,4.81,,4.2,1.84262079989537,250667.0,105.7,6.5,,-12.38616,,-10.6383,-24.57596,7.54409,-0.75117,1.05042,,-4.54545,5.87276,0.45968,-2.22017,
39,1999-04-01,4.74,13426.748,4.3,2.67599038238358,252477.0,104.6,6.5,,-13.02752,4.72189,0.0,17.63532,6.98813,-3.77185,-1.4553,0.83474,2.38095,45.22741,0.72207,-1.04068,12293.893433735091
40,1999-05-01,4.74,,4.2,1.7151774759723402,254735.0,106.8,6.5,,-13.6612,,-4.54545,-43.53831,7.44912,0.28169,0.0,,-2.32558,-35.90495,0.89434,2.10325,
41,1999-06-01,4.76,,4.3,1.1828446049785701,255449.0,107.3,6.5,,-14.38849,,-4.44444,-62.13558,6.8954,1.60985,0.42194,,2.38095,-31.03661,0.28029,0.46816,
42,1999-07-01,4.99,13604.771,4.3,2.3937068697068797,257456.0,106.0,6.5,,-9.9278,4.79112,-4.44444,-25.5405,8.44316,0.76046,4.83193,1.32588,0.0,102.36867,0.78568,-1.21156,12445.48732618436
43,1999-08-01,5.07,,4.2,2.3615824284601,260230.0,104.5,6.5,,-8.64865,,-6.66667,-29.96019,10.09015,0.09579,1.60321,,-2.32558,-1.34204,1.07747,-1.41509,
44,1999-09-01,5.22,,4.2,2.4805631178883303,261317.0,107.2,6.5,,-5.26316,,-8.69565,-21.65587,9.54391,6.24381,2.95858,,0.0,5.03818,0.41771,2.58373,
45,1999-10-01,5.2,13827.98,4.1,1.6936058652114099,261818.0,103.2,6.5,,2.5641,4.82357,-8.88889,-49.2479,7.94437,5.95483,-0.38314,1.64067,-2.38095,-31.72494,0.19172,-3.73134,12599.250240930047
46,1999-11-01,5.42,,4.1,2.18775527240926,264965.0,107.2,6.5,,12.21532,,-6.81818,-0.24001,8.46286,4.38169,4.23077,,0.0,29.17736,1.20198,3.87597,
47,1999-12-01,5.3,,4.0,2.6023734453745497,269863.0,105.4,6.5,,13.24786,,-9.09091,30.53189,9.46457,4.87562,-2.21402,,-2.43902,18.95176,1.84855,-1.6791,
48,2000-01-01,5.45,13878.147,4.0,3.85177112617523,268044.0,112.0,6.5,,17.71058,4.22474,-6.97674,148.63417,8.57786,7.79596,2.83019,0.36279,0.0,48.00993,-0.67405,6.26186,12748.604427256896
49,2000-02-01,5.73,,4.1,2.78558392501993,272020.0,111.3,6.5,,20.37815,,-6.81818,60.05326,9.01731,2.96022,5.13761,,2.5,-27.68044,1.48334,-0.625,
50,2000-03-01,5.85,,4.0,3.41680877584016,275192.0,107.1,6.5,,21.62162,,-4.7619,85.43201,9.7839,1.3245,2.09424,,-2.43902,22.66041,1.16609,-3.77358,
51,2000-04-01,6.02,14130.908,3.8,2.27690126641777,271046.0,109.2,6.5,,27.00422,5.24446,-11.62791,-14.9137,7.35473,4.39771,2.90598,1.82129,-5.0,-33.36176,-1.50658,1.96078,12885.227740014008
52,2000-05-01,6.27,,4.0,2.85353384475986,271394.0,110.7,6.5,,32.27848,,-4.7619,66.3696,6.53974,3.65169,4.15282,,5.26316,25.32532,0.12839,1.37363,
53,2000-06-01,6.53,,4.0,3.14253450270141,273422.0,106.4,6.5,,37.18487,,-6.97674,165.67602,7.03585,-0.83877,4.14673,,0.0,10.12782,0.74725,-3.88437,
54,2000-07-01,6.54,14145.312,4.0,3.4363633527404702,272630.0,108.3,6.5,,31.06212,3.97317,-6.97674,43.55824,5.89382,2.16981,0.15314,0.10193,0.0,9.35006,-0.28966,1.78571,13008.444734694456
55,2000-08-01,6.5,,4.1,2.87570061509343,272918.0,107.3,6.5,,28.20513,,-2.38095,21.77007,4.87569,2.67943,-0.61162,,2.5,-16.31558,0.10564,-0.92336,
56,2000-09-01,6.52,,3.9,3.06873423353,277548.0,106.8,6.5,,24.90421,,-7.14286,23.71119,6.21123,-0.37313,0.30769,,-4.87805,6.71258,1.69648,-0.46598,
57,2000-10-01,6.51,14229.765,3.9,2.7010732653574503,276927.0,105.8,6.5,,25.19231,2.90559,-4.87805,59.48653,5.7708,2.51938,-0.15337,0.59704,0.0,-11.98087,-0.22375,-0.93633,13121.050175679842
58,2000-11-01,6.51,,3.9,2.65177399972001,276029.0,107.6,6.5,,20.1107,,-4.87805,21.20981,4.17565,0.37313,0.0,,0.0,-1.82517,-0.32427,1.70132,
59,2000-12-01,6.4,,3.9,3.2964610225159103,275791.0,98.4,6.5,,20.75472,,-2.5,26.67133,2.19667,-6.64137,-1.68971,,0.0,24.31154,-0.08622,-8.55019,
60,2001-01-01,5.98,14183.12,4.2,4.0764778317574,278834.0,94.7,6.5,,9.72477,2.19751,5.0,5.83385,4.02546,-15.44643,-6.5625,-0.3278,7.69231,23.66225,1.10337,-3.76016,13226.241646532593
61,2001-02-01,5.49,,4.2,2.8367889543748905,278773.0,90.6,5.5,,-4.18848,,2.43902,1.83822,2.48254,-18.59838,-8.19398,,0.0,-30.41078,-0.02188,-4.32946,
62,2001-03-01,5.31,,4.3,2.99214660516078,276450.0,91.5,5.5,,-9.23077,,7.5,-12.42862,0.45714,-14.56583,-3.27869,,2.38095,5.47653,-0.83329,0.99338,
63,2001-04-01,4.8,14271.694,4.4,3.14463308812682,280808.0,88.4,5.0,,-20.26578,0.9963,15.78947,38.11021,3.6016,-19.04762,-9.60452,0.6245,2.32558,5.09622,1.57642,-3.38798,13326.930082374527
64,2001-05-01,4.21,,4.3,3.5011161919658704,281496.0,92.0,4.5,,-32.85486,,7.5,22.69405,3.72226,-16.8925,-12.29167,,-2.27273,11.33624,0.24501,4.0724,
65,2001-06-01,3.97,,4.5,3.52180031475502,280401.0,92.6,4.0,,-39.20368,,12.5,12.06879,2.55246,-12.96992,-5.70071,,4.65116,0.59079,-0.38899,0.65217,
66,2001-07-01,3.77,14214.516,4.6,2.4350411076885496,279504.0,92.4,3.75,,-42.35474,0.48924,15.0,-29.13901,2.52137,-14.68144,-5.03778,-0.40064,2.22222,-30.85806,-0.3199,-0.21598,13424.350600872966
67,2001-08-01,3.65,,4.9,3.80544284558475,281413.0,91.5,3.75,,-43.84615,,19.5122,32.33098,3.11266,-14.72507,-3.18302,,6.52174,56.27838,0.683,-0.97403,
68,2001-09-01,3.07,,5.0,2.78250757475318,276084.0,81.8,3.5,,-52.91411,,28.20513,-9.32719,-0.52748,-23.40824,-15.89041,,2.04082,-26.88085,-1.89366,-10.60109,
69,2001-10-01,2.49,14253.574,5.3,4.18407658200821,294540.0,82.7,3.0,,-61.75115,0.16732,35.89744,54.90422,6.36016,-21.83365,-18.89251,0.27478,6.0,50.37072,6.68492,1.10024,13519.875636723984
70,2001-11-01,2.09,,5.5,3.4431714115967296,287111.0,83.9,2.5,,-67.89555,,41.02564,29.84407,4.0148,-22.02602,-16.06426,,3.77358,-17.70773,-2.52224,1.45103,
71,2001-12-01,1.82,,5.7,2.47528603199942,283705.0,88.8,2.0,,-71.5625,,46.15385,-24.91081,2.86956,-9.7561,-12.91866,,3.63636,-28.11029,-1.1863,5.84029,
72,2002-01-01,1.73,14372.785,5.7,2.7615896715014903,283508.0,93.0,1.75,,-71.07023,1.33726,35.71429,-32.2555,1.67627,-1.79514,-4.94505,0.83636,0.0,11.56649,-0.06944,4.72973,13614.639971708597
73,2002-02-01,1.74,,5.7,3.38352407504046,285054.0,90.7,1.75,,-68.30601,,35.71429,19.27303,2.25309,0.11038,0.57803,,0.0,22.52088,0.54531,-2.47312,
74,2002-03-01,1.73,,5.7,2.8726214230370997,284262.0,95.7,1.75,,-67.41996,,32.55814,-3.99463,2.82583,4.59016,-0.57471,,0.0,-15.09972,-0.27784,5.51268,
75,2002-04-01,1.75,14460.848,5.9,2.67648214481753,288833.0,93.0,1.75,,-63.54167,1.32538,34.09091,-14.8873,2.85782,5.20362,1.15607,0.61271,3.50877,-6.82788,1.60802,-2.82132,13710.495613105191
76,2002-05-01,1.75,,5.8,2.42019843819257,284951.0,96.9,1.75,,-58.4323,,34.88372,-30.87352,1.22737,5.32609,0.0,,-1.69492,-9.57539,-1.34403,4.19355,
77,2002-06-01,1.75,,5.8,2.5025331988713,287372.0,92.4,1.75,,-55.9194,,28.88889,-28.94165,2.48608,-0.21598,0.0,,0.0,3.40198,0.84962,-4.64396,
78,2002-07-01,1.73,14519.633,5.8,2.24505523113134,290385.0,88.1,1.75,,-54.11141,2.14652,26.08696,-7.80216,3.89297,-4.65368,-1.14286,0.40651,0.0,-10.28869,1.04847,-4.65368,13806.648385198781
79,2002-08-01,1.74,,5.7,2.28572177593909,292650.0,87.6,1.75,,-52.32877,,16.32653,-39.93546,3.99306,-4.2623,0.57803,,-1.72414,1.81138,0.78,-0.56754,
80,2002-09-01,1.75,,5.7,2.71779789775748,288410.0,86.1,1.75,,-42.99674,,14.0,-2.32559,4.46458,5.25672,0.57471,,0.0,18.90327,-1.44883,-1.71233,
81,2002-10-01,1.75,14537.58,5.7,2.3139030753389402,289576.0,80.6,1.75,,-29.71888,1.99252,7.54717,-44.6974,-1.68534,-2.5393,0.0,0.12361,0.0,-14.86111,0.40429,-6.38792,13900.715185957715
82,2002-11-01,1.34,,5.9,1.9109760074518303,291484.0,84.2,1.75,,-35.88517,,7.27273,-44.49954,1.5231,0.35757,-23.42857,,3.50877,-17.41331,0.65889,4.4665,
83,2002-12-01,1.24,,6.0,3.0126142845538197,293947.0,86.7,1.25,,-31.86813,,5.26316,21.70772,3.61009,-2.36486,-7.46269,,1.69492,57.64794,0.84499,2.96912,
84,2003-01-01,1.24,14614.141,5.8,2.18139042769816,295248.0,82.4,1.25,,-28.3237,1.67926,1.75439,-21.00961,4.14098,-11.39785,0.0,0.52664,-3.33333,-27.59145,0.4426,-4.95963,13990.858184698513
85,2003-02-01,1.26,,5.9,1.9758302344968102,291167.0,79.9,1.25,,-27.58621,,3.50877,-41.60437,2.14451,-11.90739,1.6129,,1.72414,-9.42336,-1.38223,-3.03398,
86,2003-03-01,1.25,,5.9,1.12621180925949,296325.0,77.6,1.25,,-27.74566,,3.50877,-60.79498,4.24362,-18.91327,-0.79365,,0.0,-43.00058,1.77149,-2.8786,
87,2003-04-01,1.26,14743.567,6.0,0.553036890472014,295600.0,86.0,1.25,,-28.0,1.95507,1.69492,-79.33717,2.34288,-7.52688,0.8,0.88562,1.69492,-50.89406,-0.24466,10.82474,14076.165745478664
88,2003-05-01,1.26,,6.1,1.0757881864280399,296410.0,92.1,1.25,,-28.0,,5.17241,-55.54959,4.02139,-4.95356,0.0,,1.66667,94.52377,0.27402,7.09302,
89,2003-06-01,1.22,,6.3,1.12305963544221,299626.0,89.7,1.25,,-30.28571,,8.62069,-55.12309,4.26416,-2.92208,-3.1746,,3.27869,4.39412,1.08498,-2.60586,
90,2003-07-01,1.01,14988.782,6.2,2.6710731226571096,302747.0,90.9,1.0,,-41.6185,3.23114,6.89655,18.97583,4.25711,3.17821,-17.21311,1.6632,-1.5873,137.83894,1.04163,1.33779,14157.509216894485
91,2003-08-01,1.03,,6.1,2.35741426924818,307809.0,89.3,1.0,,-40.8046,,7.01754,3.13654,5.17991,1.94064,1.9802,,-1.6129,-11.7428,1.67202,-1.76018,
92,2003-09-01,1.01,,6.1,2.02226514469577,305933.0,87.7,1.0,,-42.28571,,7.01754,-25.59178,6.07573,1.8583,-1.94175,,0.0,-14.21681,-0.60947,-1.79171,
93,2003-10-01,1.01,15162.76,6.0,2.09586749439761,304809.0,89.6,1.0,,-42.28571,4.30044,5.26316,-9.42285,5.26045,11.16625,0.0,1.16072,-1.63934,3.6396,-0.3674,2.16648,14238.517253013664
94,2003-11-01,1.0,,5.8,1.1863624116481102,308527.0,93.7,1.0,,-25.37313,,-1.69492,-37.91851,5.84698,11.28266,-0.9901,,-3.33333,-43.39516,1.21978,4.57589,
95,2003-12-01,0.98,,5.7,1.79882233944806,307407.0,92.6,1.0,,-20.96774,,-5.0,-40.29032,4.57906,6.80507,-2.0,,-1.72414,51.62503,-0.36302,-1.17396,
96,2004-01-01,1.0,15248.68,5.7,2.2200747059839503,309254.0,103.8,1.0,,-19.35484,4.34195,-1.72414,1.77338,4.74381,25.97087,2.04082,0.56665,0.0,23.41823,0.60083,12.09503,14322.502791066056
97,2004-02-01,1.01,,5.6,2.91265455346974,311393.0,94.4,1.0,,-19.84127,,-5.08475,47.41421,6.94653,18.14768,1.0,,-1.75439,31.19624,0.69166,-9.05588,
98,2004-03-01,1.0,,5.8,2.7344022682197897,316912.0,95.8,1.0,,-20.0,,-1.69492,142.79645,6.94744,23.45361,-0.9901,,3.57143,-6.11993,1.77236,1.48305,
99,2004-04-01,1.0,15366.85,5.6,2.5383819269539303,313512.0,94.2,1.0,,-20.63492,4.22749,-6.66667,358.98962,6.05954,9.53488,0.0,0.77495,-3.44828,-7.16867,-1.07285,-1.67015,14410.8959624635
100,2004-05-01,1.0,,5.6,3.2174948905270697,318964.0,90.2,1.0,,-20.63492,,-8.19672,199.08256,7.60906,-2.06298,0.0,,0.0,26.75377,1.73901,-4.24628,
101,2004-06-01,1.03,,5.6,2.72493144884725,314958.0,95.6,1.0,,-15.57377,,-11.11111,142.63462,5.11705,6.57748,3.0,,0.0,-15.30891,-1.25594,5.9867,
102,2004-07-01,1.26,15512.619,5.5,1.77113695955513,318549.0,96.7,1.25,,24.75248,3.49486,-11.29032,-33.69193,5.21954,6.38064,22.3301,0.94859,-1.78571,-35.00251,1.14015,1.15063,14503.812126025794
103,2004-08-01,1.43,,5.4,2.87323745174035,318977.0,95.9,1.25,,38.83495,,-11.47541,21.88089,3.62822,7.39082,13.49206,,-1.81818,62.22559,0.13436,-0.8273,
104,2004-09-01,1.61,,5.4,2.1466349952753,324569.0,94.2,1.5,,59.40594,,-11.47541,6.15003,6.09153,7.41163,12.58741,,0.0,-25.28863,1.7531,-1.77268,
105,2004-10-01,1.76,15670.88,5.5,2.6605010937276203,326740.0,91.7,1.75,,74.25743,3.3511,-8.33333,26.94033,7.195,2.34375,9.31677,1.02021,1.85185,23.93821,0.66889,-2.65393,14598.795559263024
106,2004-11-01,1.93,,5.4,1.4800663055379,327836.0,92.8,1.75,,93.0,,-6.89655,24.75668,6.25845,-0.96051,9.65909,,-1.81818,-44.36889,0.33543,1.19956,
107,2004-12-01,2.16,,5.4,1.91524972608856,331874.0,97.1,2.0,,120.40816,,-5.26316,6.47242,7.95916,4.85961,11.9171,,0.0,29.40297,1.23171,4.63362,
108,2005-01-01,2.28,15844.727,5.3,3.4217591363454103,328696.0,95.5,2.25,,128.0,3.90884,-7.01754,54.12811,6.28674,-7.99615,5.55556,1.10936,-1.85185,78.65864,-0.95759,-1.64779,14691.630567970677
109,2005-02-01,2.5,,5.4,3.3040022907410402,333026.0,94.1,2.25,,147.52475,,-3.57143,13.43612,6.94717,-0.3178,9.64912,,1.88679,-3.44141,1.31733,-1.46597,
110,2005-03-01,2.63,,5.2,1.8971793950121698,333581.0,92.6,2.5,,163.0,,-10.34483,-30.61813,5.25982,-3.34029,5.2,,-3.7037,-42.57936,0.16665,-1.59405,
111,2005-04-01,2.79,15922.782,5.2,2.09647901335652,336583.0,87.7,2.75,,179.0,3.61774,-7.14286,-17.40884,7.35889,-6.90021,6.08365,0.49262,0.0,10.50505,0.89993,-5.29158,14780.554324321318
112,2005-05-01,3.0,,5.1,3.16846235161856,334522.0,86.9,2.75,,200.0,,-8.92857,-1.52394,4.87767,-3.65854,7.52688,,-1.92308,51.13256,-0.61233,-0.9122,
113,2005-06-01,3.04,,5.0,1.62477538920178,343998.0,96.0,3.0,,195.14563,,-10.71429,-40.37372,9.22028,0.41841,1.33333,,-1.96078,-48.72038,2.8327,10.47181,
114,2005-07-01,3.26,16047.587,5.0,3.0286455734746403,346576.0,96.5,3.25,,158.73016,3.4486,-9.09091,71.00008,8.79833,-0.20683,7.23684,0.78381,0.0,86.40395,0.74942,0.52083,14867.469500169043
115,2005-08-01,3.5,,4.9,2.22215620270876,343307.0,89.1,3.25,,144.75524,,-9.25926,-22.6602,7.62751,-7.09072,7.36196,,-2.0,-26.62871,-0.94323,-7.66839,
116,2005-09-01,3.62,,5.0,4.02470724061161,343956.0,76.9,3.5,,124.84472,,-7.40741,87.48913,5.97315,-18.36518,3.42857,,2.04082,81.11721,0.18904,-13.69248,
117,2005-10-01,3.78,16136.734,5.0,3.3315751559861897,344097.0,74.2,3.75,,114.77273,2.97274,-9.09091,25.2236,5.31217,-19.08397,4.41989,0.55552,0.0,-17.22193,0.04099,-3.51105,14953.145978215569
118,2005-11-01,4.0,,5.0,2.8369119481422596,347325.0,81.6,4.0,,107.25389,,-7.40741,91.67465,5.94474,-12.06897,5.82011,,0.0,-14.84773,0.93811,9.97305,
119,2005-12-01,4.16,,4.9,2.20489319920401,347405.0,91.5,4.0,,92.59259,,-9.25926,15.12301,4.67979,-5.76725,4.0,,-2.0,-22.27841,0.02303,12.13235,
120,2006-01-01,4.29,16353.835,4.7,2.88432186623886,357331.0,91.2,4.25,,88.15789,3.21311,-11.32075,-15.70646,8.7117,-4.50262,3.125,1.34538,-4.08163,30.81458,2.85718,-0.32787,15038.784401538938
121,2006-02-01,4.49,,4.8,2.07202087371556,354706.0,86.7,4.5,,79.6,,-11.11111,-37.28755,6.51,-7.86397,4.662,,2.12766,-28.16263,-0.73461,-4.93421,
122,2006-03-01,4.59,,4.7,3.08218251360963,355665.0,88.9,4.5,,74.52471,,-9.61538,62.46131,6.62028,-3.99568,2.22717,,-2.08333,48.75248,0.27036,2.53749,
123,2006-04-01,4.79,16396.151,4.7,2.8870316165126,357423.0,87.4,4.75,,71.68459,2.9729,-9.61538,37.70859,6.19164,-0.34208,4.3573,0.25875,0.0,-6.33158,0.49429,-1.68729,15125.70609944048
124,2006-05-01,4.94,,4.6,4.28816068458393,356704.0,79.1,4.75,,64.66667,,-9.80392,35.33886,6.63095,-8.97583,3.13152,,-2.12766,48.53182,-0.20116,-9.49657,
125,2006-06-01,4.99,,4.6,3.19983083499134,357879.0,84.9,5.0,,64.14474,,-8.0,96.93989,4.0352,-11.5625,1.01215,,0.0,-25.37988,0.3294,7.33249,
126,2006-07-01,5.24,16420.738,4.7,3.0539305241528396,359006.0,84.7,5.25,,60.7362,2.32528,-6.0,0.83486,3.58651,-12.22798,5.01002,0.14996,2.17391,-4.55963,0.31491,-0.23557,15210.655457394163
127,2006-08-01,5.25,,4.7,4.62137039677921,360691.0,82.0,5.25,,50.0,,-4.08163,107.96785,5.06369,-7.96857,0.19084,,0.0,51.32533,0.46935,-3.18772,
128,2006-09-01,5.25,,4.5,2.1062637733366696,358961.0,85.4,5.25,,45.02762,,-10.0,-47.66666,4.36248,11.05332,0.0,,-4.25532,-54.42339,-0.47963,4.14634,
129,2006-10-01,5.25,16561.866,4.4,3.6506970400157703,358462.0,93.6,5.25,,38.88889,2.63456,-12.0,9.57871,4.17469,26.14555,0.0,0.85945,-2.22222,73.32573,-0.13901,9.60187,15291.514446817528
130,2006-11-01,5.25,,4.5,3.02469916751935,359266.0,92.1,5.25,,31.25,,-10.0,6.61942,3.43799,12.86765,0.0,,2.27273,-17.14735,0.22429,-1.60256,
131,2006-12-01,5.24,,4.4,2.72554654380133,363730.0,91.7,5.25,,25.96154,,-10.20408,23.61354,4.69913,0.21858,-0.19048,,-2.22222,-9.89033,1.24253,-0.43431,
132,2007-01-01,5.25,16611.69,4.6,2.9644102631689195,363616.0,96.9,5.25,,22.37762,1.57672,-2.12766,2.77668,1.75887,6.25,0.19084,0.30084,4.54545,8.76388,-0.03134,5.67067,15370.111385287062
133,2007-02-01,5.26,,4.5,4.4470256400193495,364006.0,91.3,5.25,,17.14922,,-6.25,114.62263,2.62189,5.30565,0.19048,,-2.17391,50.01384,0.10726,-5.77915,
134,2007-03-01,5.26,,4.4,2.6885311218425296,367158.0,88.4,5.25,,14.59695,,-6.38298,-12.77184,3.23141,-0.56243,0.0,,-2.22222,-39.54316,0.86592,-3.17634,
135,2007-04-01,5.25,16713.314,4.5,2.36832536836802,366187.0,87.1,5.25,,9.60334,1.93437,-4.25532,-17.96677,2.452,-0.34325,-0.19011,0.61176,2.27273,-11.91006,-0.26446,-1.47059,15445.291294023184
136,2007-05-01,5.25,,4.4,2.35349143799752,370934.0,88.3,5.25,,6.2753,,-4.34783,-45.11653,3.9893,11.63085,0.0,,-2.22222,-0.62635,1.29633,1.37773,
137,2007-06-01,5.25,,4.6,3.2680317367730405,368154.0,85.3,5.25,,5.21042,,0.0,2.13139,2.87108,0.47114,0.0,,4.54545,38.85888,-0.74946,-3.39751,
138,2007-07-01,5.26,16809.587,4.7,2.82817098511783,369614.0,90.4,5.25,,0.38168,2.36804,0.0,-7.39243,2.95483,6.72963,0.19048,0.57603,2.17391,-13.4595,0.39657,5.9789,15518.272631980071
139,2007-08-01,5.02,,4.6,2.18457280462696,371358.0,83.4,5.25,,-4.38095,,-2.12766,-52.7289,2.95738,1.70732,-4.56274,,-2.12766,-22.75669,0.47184,-7.74336,
140,2007-09-01,4.94,,4.7,3.7044060077008303,372869.0,83.4,5.25,,-5.90476,,4.44444,75.87569,3.87452,-2.34192,-1.59363,,2.17391,69.57119,0.40689,0.0,
141,2007-10-01,4.76,16915.191,4.7,3.43463052089827,375289.0,80.9,4.75,,-9.33333,2.13336,6.81818,-5.9185,4.69422,-13.56838,-3.64372,0.62824,0.0,-7.28256,0.64902,-2.9976,15589.921197361013
142,2007-11-01,4.49,,4.7,3.4753593527569997,378860.0,76.1,4.5,,-14.47619,,4.44444,14.89934,5.4539,-17.37242,-5.67227,,0.0,1.18583,0.95153,-5.93325,
143,2007-12-01,4.24,,5.0,2.98265388398264,374298.0,75.5,4.5,,-19.08397,,13.63636,9.43324,2.90545,-17.6663,-5.56793,,6.38298,-14.17711,-1.20414,-0.78844,
144,2008-01-01,3.94,16843.003,5.0,3.28360527628442,375236.0,78.4,4.25,,-24.95238,1.39247,8.69565,10.76757,3.19568,-19.09185,-7.07547,-0.42676,0.0,10.09005,0.2506,3.84106,15661.437156749245
145,2008-02-01,2.98,,4.9,2.85747436326564,371833.0,70.8,3.0,,-43.34601,,8.88889,-35.74414,2.15024,-22.45345,-24.36548,,-2.0,-12.97753,-0.9069,-9.69388,
146,2008-03-01,2.61,,5.1,3.0404857461239905,372745.0,69.5,3.0,,-50.38023,,15.90909,13.09096,1.52169,-21.38009,-12.41611,,4.08163,6.40466,0.24527,-1.83616,
147,2008-04-01,2.28,16943.291,5.0,2.24101388446512,372572.0,62.6,2.25,,-56.57143,1.37601,11.11111,-5.37559,1.74364,-28.12859,-12.64368,0.59543,-1.96078,-26.29422,-0.04641,-9.92806,15732.300738942007
148,2008-05-01,1.98,,5.4,2.4627692895931,376036.0,59.8,2.0,,-62.28571,,22.72727,4.64322,1.37545,-32.27633,-13.15789,,8.0,9.89532,0.92975,-4.47284,
149,2008-06-01,2.0,,5.6,4.05370089545272,376455.0,56.4,2.0,,-61.90476,,21.73913,24.04105,2.25476,-33.88042,1.0101,,3.7037,64.5993,0.11143,-5.68562,
150,2008-07-01,2.01,16854.295,5.8,3.98912873927892,375038.0,61.2,2.0,,-61.78707,0.26597,23.40426,41.04977,1.46748,-32.30088,0.5,-0.52526,3.57143,-1.59292,-0.37641,8.51064,15801.953968118389
151,2008-08-01,2.0,,6.1,2.94013128490127,372284.0,63.0,2.0,,-60.15936,,32.6087,34.5861,0.24936,-24.46043,-0.49751,,5.17241,-26.29641,-0.73433,2.94118,
152,2008-09-01,1.81,,6.1,3.17438970761372,366729.0,70.3,2.0,,-63.36032,,29.78723,-14.30773,-1.64669,-15.70743,-9.5,,0.0,7.96762,-1.49214,11.5873,
153,2008-10-01,0.97,16485.35,6.5,2.20171024216991,352950.0,57.6,2.0,,-79.62185,-2.54115,38.29787,-35.89674,-5.95248,-28.80099,-46.40884,-2.18903,6.55738,-30.64146,-3.75727,-18.06543,15869.009828425491
154,2008-11-01,0.39,,6.8,1.93625366578525,339350.0,55.3,1.0,,-91.31403,,44.68085,-44.28623,-10.42865,-27.33246,-59.79381,,4.61538,-12.05684,-3.85324,-3.99306,
155,2008-12-01,0.16,,7.3,0.3634841508005421,332091.0,60.1,1.0,,-96.22642,,46.0,-87.8134,-11.27631,-20.39735,-58.97436,,7.35294,-81.22745,-2.13909,8.67993,
156,2009-01-01,0.15,16298.262,7.8,2.40364062502632,336929.0,61.2,0.0,0.25,-96.19289,-3.23423,56.0,-26.79873,-10.20878,-21.93878,-6.25,-1.13487,6.84932,561.27797,1.45683,1.83028,15931.698339042032
157,2009-02-01,0.22,,8.3,2.14357605719473,335576.0,56.3,0.0,0.25,-92.61745,,69.38776,-24.98354,-9.75088,-20.48023,46.66667,,6.41026,-10.81961,-0.40157,-8.00654,
158,2009-03-01,0.18,,8.7,1.9082898308551801,329747.0,57.3,0.0,0.25,-93.10345,,70.58824,-37.23734,-11.5355,-17.55396,-18.18182,,4.81928,-10.97634,-1.73701,1.7762,
159,2009-04-01,0.15,16269.145,9.0,1.86117019943739,331352.0,65.1,0.0,0.25,-93.42105,-3.97884,80.0,-16.94964,-11.06363,3.99361,-16.66667,-0.17865,3.44828,-2.46921,0.48674,13.61257,15990.652965646705
160,2009-05-01,0.18,,9.4,1.29376893720741,334256.0,68.7,0.0,0.25,-90.90909,,74.07407,-47.4669,-11.11064,14.88294,20.0,,4.44444,-30.48626,0.87641,5.52995,
161,2009-06-01,0.21,,9.5,0.75584590889346,339883.0,70.8,0.0,0.25,-89.5,,69.64286,-81.35418,-9.71484,25.53191,16.66667,,1.06383,-41.57798,1.68344,3.05677,
162,2009-07-01,0.16,16326.281,9.5,0.12583251339235402,340517.0,66.0,0.0,0.25,-92.0398,-3.13282,63.7931,-96.84561,-9.20467,7.84314,-23.80952,0.35119,0.0,-83.35209,0.18653,-6.77966,16045.761443179968
163,2009-08-01,0.16,,9.6,1.6255061079099,346668.0,65.7,0.0,0.25,-92.0,,57.37705,-44.71315,-6.88077,4.28571,0.0,,1.05263,1191.80135,1.80637,-0.45455,
164,2009-09-01,0.15,,9.8,0.914369783533586,338507.0,73.5,0.0,0.25,-91.71271,,60.65574,-71.19541,-7.6956,4.55192,-6.25,,2.08333,-43.74861,-2.35413,11.87215,
165,2009-10-01,0.12,16502.754,10.0,1.1903654188135,341654.0,70.6,0.0,0.25,-87.62887,0.10557,53.84615,-45.93451,-3.20045,22.56944,-20.0,1.08091,2.04082,30.18425,0.92967,-3.94558,16097.706572602689
166,2009-11-01,0.12,,9.9,0.516016421313492,344375.0,67.4,0.0,0.25,-69.23077,,45.58824,-73.34975,1.48077,21.88065,0.0,,-1.0,-56.65059,0.79642,-4.53258,
167,2009-12-01,0.12,,9.9,0.460810409841406,346072.0,72.5,0.0,0.25,-25.0,,35.61644,26.77593,4.20999,20.63228,0.0,,0.0,-10.6985,0.49278,7.56677,
168,2010-01-01,0.11,16582.71,9.8,0.680110845940707,346046.0,74.4,0.0,0.25,-26.66667,1.74527,25.64103,-71.70497,2.70591,21.56863,-8.33333,0.4845,-1.0101,47.59017,-0.00751,2.62069,16147.438323183078
169,2010-02-01,0.13,,9.8,-0.10662785426794899,346702.0,73.6,0.0,0.25,-40.90909,,18.07229,-104.9743,3.31549,30.72824,18.18182,,0.0,-115.67801,0.18957,-1.07527,
170,2010-03-01,0.16,,9.9,-0.28606424629804605,354147.0,73.6,0.0,0.25,-11.11111,,13.7931,-114.99061,7.39961,28.44677,23.07692,,1.02041,168.28285,2.14738,0.0,
171,2010-04-01,0.2,16743.162,9.9,0.45261625417847295,357304.0,72.2,0.0,0.25,33.33333,2.9136,10.0,-75.68109,7.83215,10.9063,25.0,0.96759,0.0,-258.22189,0.89144,-1.90217,16195.753429694438
172,2010-05-01,0.2,,9.6,0.27574788971958,354015.0,73.6,0.0,0.25,11.11111,,2.12766,-78.68647,5.91134,7.13246,0.0,,-3.0303,-39.07689,-0.9205,1.93906,
173,2010-06-01,0.18,,9.4,1.2647526767523898,353683.0,76.0,0.0,0.25,-14.28571,,-1.05263,67.32943,4.06022,7.34463,-10.0,,-2.08333,358.66269,-0.09378,3.26087,
174,2010-07-01,0.18,16872.266,9.4,0.632305068442718,354622.0,67.8,0.0,0.25,12.5,3.34421,-1.05263,402.49737,4.14223,2.72727,0.0,0.77108,0.0,-50.00564,0.26549,-10.78947,16246.535504548745
175,2010-08-01,0.19,,9.5,0.43020593403721996,356573.0,68.9,0.0,0.25,18.75,,-1.04167,-73.53403,2.8572,4.87062,5.55556,,1.06383,-31.96228,0.55016,1.62242,
176,2010-09-01,0.19,,9.5,1.53627227687154,359257.0,68.2,0.0,0.25,26.66667,,-3.06122,68.01433,6.12986,-7.21088,0.0,,0.0,257.1016,0.75272,-1.01597,
177,2010-10-01,0.19,16960.864,9.4,1.1260905710720202,363557.0,67.7,0.0,0.25,58.33333,2.77596,-6.0,-5.39959,6.41087,-4.10765,0.0,0.52511,-1.05263,-26.69981,1.19691,-0.73314,16302.486211078603
178,2010-11-01,0.19,,9.8,1.31829898066591,367050.0,71.6,0.0,0.25,58.33333,,-1.0101,155.47617,6.58439,6.23145,0.0,,4.25532,17.06865,0.96078,5.76071,
179,2010-12-01,0.18,,9.3,1.393380280754,369192.0,74.5,0.0,0.25,50.0,,-6.06061,202.37604,6.68069,2.75862,-5.26316,,-5.10204,5.69532,0.58357,4.05028,
180,2011-01-01,0.17,16920.632,9.1,2.27322625990496,371782.0,74.2,0.0,0.25,54.54545,2.0378,-7.14286,234.24349,7.43716,-0.26882,-5.55556,-0.2372,-2.15054,63.14471,0.70153,-0.40268,16367.132381095998
181,2011-02-01,0.16,,9.0,2.8169688979258902,375001.0,77.5,0.0,0.25,23.07692,,-8.16327,-2741.86963,8.16234,5.29891,-5.88235,,-1.0989,23.91942,0.86583,4.44744,
182,2011-03-01,0.14,,9.0,1.74418998266395,378434.0,67.5,0.0,0.25,-12.5,,-9.09091,-709.71967,6.85789,-8.28804,-12.5,,0.0,-38.08274,0.91546,-12.90323,
183,2011-04-01,0.1,17035.114,9.1,2.24921919600376,380295.0,69.8,0.0,0.25,-50.0,1.74371,-8.08081,396.93734,6.43458,-3.3241,-28.57143,0.67658,1.11111,28.95494,0.49176,3.40741,16442.754569183016
184,2011-05-01,0.09,,9.0,2.3058155396238997,380140.0,74.3,0.0,0.25,-55.0,,-6.25,736.20424,7.37963,0.95109,-10.0,,-1.0989,2.51627,-0.04076,6.44699,
185,2011-06-01,0.09,,9.1,1.92672807632472,383141.0,71.5,0.0,0.25,-50.0,,-3.19149,52.3403,8.32893,-5.92105,0.0,,1.11111,-16.44049,0.78945,-3.76851,
186,2011-07-01,0.07,17031.313,9.0,2.5370313756665,382882.0,63.7,0.0,0.25,-61.11111,0.94265,-4.25532,301.23534,7.96905,-6.0472,-22.22222,-0.02231,-1.0989,31.67563,-0.0676,-10.90909,16526.001918934064
187,2011-08-01,0.1,,9.0,3.1779707716990093,383682.0,55.8,0.0,0.25,-47.36842,,-5.26316,638.70919,7.60265,-19.01306,42.85714,,0.0,25.26336,0.20894,-12.40188,
188,2011-09-01,0.08,,9.0,2.49197707942446,387558.0,59.5,0.0,0.25,-57.89474,,-5.26316,62.20934,7.87765,-12.7566,-20.0,,0.0,-21.5859,1.01021,6.63082,
189,2011-10-01,0.07,17222.583,8.8,2.02226514469577,389844.0,60.8,0.0,0.25,-63.15789,1.54308,-6.38298,79.58281,7.2305,-10.19202,-12.5,1.12305,-2.22222,-18.84897,0.58985,2.18487,16611.843559654808
190,2011-11-01,0.08,,8.6,1.8470137988752198,391167.0,63.7,0.0,0.25,-57.89474,,-12.2449,40.10584,6.57049,-11.03352,14.28571,,-2.27273,-8.66609,0.33937,4.76974,
191,2011-12-01,0.07,,8.5,2.37433305779156,391535.0,69.9,0.0,0.25,-61.11111,,-8.60215,70.40094,6.05186,-6.1745,-12.5,,-1.16279,28.54983,0.09408,9.73312,
192,2012-01-01,0.08,17367.01,8.3,3.19808928450254,395459.0,75.0,0.0,0.25,-52.94118,2.63807,-8.79121,40.68504,6.36852,1.07817,14.28571,0.83859,-2.35294,34.69422,1.00221,7.29614,16695.71826814624
193,2012-02-01,0.1,,8.3,1.6845519133678302,400155.0,75.3,0.0,0.25,-37.5,,-7.77778,-40.19984,6.70772,-2.83871,25.0,,0.0,-47.3263,1.18748,0.4,
194,2012-03-01,0.13,,8.2,2.42029632056173,401556.0,76.2,0.0,0.25,-7.14286,,-8.88889,38.76334,6.10992,12.88889,30.0,,-1.20482,43.67597,0.35011,1.19522,
195,2012-04-01,0.14,17444.525,8.2,2.2851338427891696,399953.0,76.4,0.0,0.25,40.0,2.40334,-9.89011,1.59676,5.16915,9.45559,7.69231,0.44633,0.0,-5.58454,-0.3992,0.26247,16774.523795933143
196,2012-05-01,0.16,,8.2,1.7320720722101297,399106.0,79.3,0.0,0.25,77.77778,,-8.88889,-24.88245,4.98921,6.72948,14.28571,,0.0,-24.2026,-0.21177,3.79581,
197,2012-06-01,0.16,,8.2,1.92206327761144,395630.0,73.2,0.0,0.25,77.77778,,-9.89011,-0.24211,3.25964,2.37762,0.0,,0.0,10.96901,-0.87095,-7.69231,
198,2012-07-01,0.16,17469.65,8.2,2.08371119432122,397399.0,72.3,0.0,0.25,128.57143,2.57371,-8.88889,-17.86813,3.79151,13.50078,0.0,0.14403,0.0,8.41012,0.44713,-1.22951,16848.88146421083
199,2012-08-01,0.13,,8.1,2.4238660191344503,402164.0,74.3,0.0,0.25,30.0,,-10.0,-23.72913,4.81701,33.15412,-18.75,,-1.21951,16.32447,1.19905,2.76625,
200,2012-09-01,0.14,,7.8,2.2866037427289303,405251.0,78.3,0.0,0.25,75.0,,-13.33333,-8.24138,4.56525,31.59664,7.69231,,-3.7037,-5.66295,0.7676,5.38358,
201,2012-10-01,0.16,17489.852,7.8,1.8750476631537398,405422.0,82.6,0.0,0.25,128.57143,1.55185,-11.36364,-7.27983,3.99596,35.85526,14.28571,0.11564,0.0,-17.99857,0.0422,5.4917,16920.63961433729
202,2012-11-01,0.16,,7.7,2.0721553787935503,407266.0,82.7,0.0,0.25,100.0,,-10.46512,12.18949,4.11563,29.82732,0.0,,-1.28205,10.51214,0.45483,0.12107,
203,2012-12-01,0.16,,7.9,1.7906501656690201,408758.0,72.9,0.0,0.25,128.57143,,-7.05882,-24.58303,4.39884,4.29185,0.0,,2.5974,-13.58514,0.36635,-11.85006,
204,2013-01-01,0.14,17662.4,8.0,2.74180750368704,412017.0,73.8,0.0,0.25,75.0,1.70087,-3.61446,-14.26732,4.18703,-1.6,-12.5,0.98656,1.26582,53.11799,0.79729,1.23457,16992.089124728314
205,2013-02-01,0.15,,7.7,2.45154222786008,417067.0,77.6,0.0,0.25,50.0,,-7.22892,45.53082,4.22636,3.05445,7.14286,,-3.75,-10.58664,1.22568,5.14905,
206,2013-03-01,0.14,,7.5,1.21535791179703,414115.0,78.6,0.0,0.25,7.69231,,-8.53659,-49.78475,3.12758,3.14961,-6.66667,,-2.5974,-50.42476,-0.7078,1.28866,
207,2013-04-01,0.15,17709.671,7.6,2.088884185994,411862.0,76.4,0.0,0.25,7.14286,1.51994,-7.31707,-8.5881,2.9776,0.0,7.14286,0.26764,1.33333,71.87399,-0.54405,-2.79898,17064.806343410528
208,2013-05-01,0.11,,7.5,1.9563823322529,414350.0,84.5,0.0,0.25,-31.25,,-8.53659,12.9504,3.81954,6.55738,-26.66667,,-1.31579,-6.34319,0.60409,10.60209,
209,2013-06-01,0.09,,7.5,2.13725043962469,415454.0,84.1,0.0,0.25,-43.75,,-8.53659,11.19563,5.01074,14.89071,-18.18182,,0.0,9.24503,0.26644,-0.47337,
210,2013-07-01,0.09,17860.45,7.3,2.00320004740069,418215.0,85.1,0.0,0.25,-43.75,2.23702,-10.97561,-3.86383,5.23806,17.70401,0.0,0.85139,-2.66667,-6.2721,0.66457,1.18906,17138.9432580756
211,2013-08-01,0.08,,7.2,2.1480298989162,417389.0,82.1,0.0,0.25,-38.46154,,-11.11111,-11.38001,3.78577,10.49798,-11.11111,,-1.36986,7.22992,-0.19751,-3.52526,
212,2013-09-01,0.08,,7.2,2.23216017314456,417699.0,77.5,0.0,0.25,-42.85714,,-7.69231,-2.38098,3.07168,-1.02171,0.0,,0.0,3.91662,0.07427,-5.60292,
213,2013-10-01,0.09,18016.147,7.2,1.16372929089217,419288.0,73.2,0.0,0.25,-43.75,3.00914,-7.69231,-37.93602,3.42014,-11.38015,12.5,0.87174,0.0,-47.86533,0.38042,-5.54839,17215.280885360622
214,2013-11-01,0.08,,6.9,2.60550640737742,420468.0,75.1,0.0,0.25,-50.0,,-10.38961,25.73895,3.24162,-9.18984,-11.11111,,-4.16667,123.89283,0.28143,2.59563,
215,2013-12-01,0.09,,6.7,2.8446440822717203,422930.0,82.5,0.0,0.25,-43.75,,-15.18987,58.86096,3.46709,13.16872,12.5,,-2.89855,9.17816,0.58554,9.85353,
216,2014-01-01,0.07,17953.974,6.6,2.4063265035218797,419051.0,81.2,0.0,0.25,-50.0,1.65082,-17.5,-12.23576,1.70721,10.0271,-22.22222,-0.3451,-1.49254,-15.40852,-0.91717,-1.57576,17294.032150633877
217,2014-02-01,0.07,,6.7,2.3508313464702497,424784.0,81.6,0.0,0.25,-53.33333,,-12.98701,-4.10806,1.8503,5.15464,0.0,,1.51515,-2.30622,1.36809,0.49261,
218,2014-03-01,0.08,,6.7,2.8589766754357098,429251.0,80.0,0.0,0.25,-42.85714,,-10.66667,135.23743,3.65502,1.78117,14.28571,,0.0,21.61556,1.05159,-1.96078,
219,2014-04-01,0.09,18185.911,6.2,2.21493222879676,433581.0,84.1,0.0,0.25,-40.0,2.68915,-18.42105,6.03423,5.27337,10.07853,12.5,1.29184,-7.46269,-22.5271,1.00873,5.125,17375.11498722821
220,2014-05-01,0.09,,6.3,2.54562660708071,434292.0,81.9,0.0,0.25,-18.18182,,-16.0,30.11908,4.81284,-3.07692,0.0,,1.6129,14.93023,0.16398,-2.61593,
221,2014-06-01,0.1,,6.1,1.31136444111866,435487.0,82.5,0.0,0.25,11.11111,,-18.66667,-38.64245,4.82195,-1.9025,11.11111,,-3.1746,-48.48559,0.27516,0.7326,
222,2014-07-01,0.09,18406.941,6.2,2.4049038383757497,436102.0,81.8,0.0,0.25,0.0,3.05978,-15.06849,20.0531,4.27699,-3.87779,-10.0,1.21539,1.63934,83.38943,0.14122,-0.84848,17459.27803988029
223,2014-08-01,0.09,,6.1,1.7517369153509799,439643.0,82.5,0.0,0.25,12.5,,-15.27778,-18.44914,5.33172,0.48721,0.0,,-1.6129,-27.15979,0.81197,0.85575,
224,2014-09-01,0.09,,5.9,1.93541098458714,438535.0,84.6,0.0,0.25,12.5,,-18.05556,-13.29426,4.98828,9.16129,0.0,,-3.27869,10.48525,-0.25202,2.54545,
225,2014-10-01,0.09,18500.031,5.7,2.4289565511268,440128.0,86.9,0.0,0.25,0.0,2.68584,-20.83333,108.72179,4.97033,18.71585,0.0,0.50573,-3.38983,25.50081,0.36325,2.71868,17545.392812774753
226,2014-11-01,0.09,,5.8,2.25631054100233,441139.0,88.8,0.0,0.25,12.5,,-15.94203,-13.40223,4.91619,18.24234,0.0,,1.75439,-7.10783,0.22971,2.18642,
227,2014-12-01,0.12,,5.6,2.3833942455642,438604.0,93.6,0.0,0.25,33.33333,,-16.41791,-16.21468,3.70605,13.45455,33.33333,,-3.44828,5.63237,-0.57465,5.40541,
228,2015-01-01,0.11,18666.621,5.7,1.94752959883826,436142.0,98.1,0.0,0.25,57.14286,3.9693,-13.63636,-19.06628,4.0785,20.81281,-8.33333,0.90048,1.78571,-18.28756,-0.56133,4.80769,17632.92748544754
229,2015-02-01,0.11,,5.5,1.95449451571832,435398.0,95.4,0.0,0.25,57.14286,,-17.91045,-16.85943,2.49868,16.91176,0.0,,-3.50877,0.35763,-0.17059,-2.75229,
230,2015-03-01,0.11,,5.4,2.43333592636743,442001.0,93.0,0.0,0.25,37.5,,-19.40299,-14.88787,2.97029,16.25,0.0,,-1.81818,24.4995,1.51654,-2.51572,
231,2015-04-01,0.12,18782.243,5.4,2.96265053867684,442898.0,95.9,0.0,0.25,33.33333,3.27909,-12.90323,33.75807,2.14885,14.03092,9.09091,0.61941,0.0,21.75263,0.20294,3.11828,17721.252648627276
232,2015-05-01,0.12,,5.6,2.5012910991095,446305.0,90.7,0.0,0.25,33.33333,,-11.11111,-1.74163,2.76611,10.74481,0.0,,3.7037,-15.57252,0.76925,-5.42231,
233,2015-06-01,0.13,,5.3,2.9723995643109196,446649.0,96.1,0.0,0.25,30.0,,-13.11475,126.66465,2.56311,16.48485,8.33333,,-5.35714,18.83461,0.07708,5.95369,
234,2015-07-01,0.13,18857.418,5.2,1.9220253006031698,450262.0,93.1,0.0,0.25,44.44444,2.44732,-16.12903,-20.07891,3.24695,13.81418,0.0,0.40025,-1.88679,-35.33759,0.80891,-3.12175,17808.326137715143
235,2015-08-01,0.14,,5.1,1.63579063211565,450270.0,91.9,0.0,0.25,55.55556,,-16.39344,-6.61893,2.41719,11.39394,7.69231,,-1.92308,-14.89235,0.00178,-1.28894,
236,2015-09-01,0.14,,5.0,2.9984156927587198,448091.0,87.2,0.0,0.25,55.55556,,-15.25424,54.92398,2.17907,3.07329,0.0,,-1.96078,83.3007,-0.48393,-5.11425,
237,2015-10-01,0.12,18892.206,5.0,2.28316449144805,447083.0,90.0,0.0,0.25,33.33333,2.11986,-12.2807,-6.00225,1.58022,3.56732,-14.28571,0.18448,0.0,-23.8543,-0.22495,3.21101,17891.85267807862
238,2015-11-01,0.12,,5.1,2.2654806001265,448892.0,91.3,0.0,0.25,33.33333,,-12.06897,0.40642,1.7575,2.81532,0.0,,2.0,-0.77453,0.40462,1.44444,
239,2015-12-01,0.24,,5.0,1.83471969623819,450611.0,92.6,0.0,0.25,100.0,,-10.71429,-23.02072,2.73755,-1.06838,100.0,,-1.96078,-19.01411,0.38294,1.42388,
240,2016-01-01,0.34,19001.69,4.8,2.70841659132004,447561.0,92.0,0.25,0.5,209.09091,1.79502,-15.78947,39.06934,2.61818,-6.21814,41.66667,0.57952,-4.0,47.62018,-0.67686,-0.64795,17970.540715490257
241,2016-02-01,0.38,,4.9,2.53771440127248,451821.0,91.7,0.25,0.5,245.45455,,-10.90909,29.83993,3.77195,-3.87841,11.76471,,2.08333,-6.30266,0.95183,-0.32609,
242,2016-03-01,0.36,,5.0,2.22200455864592,450561.0,91.0,0.25,0.5,227.27273,,-7.40741,-8.68484,1.93665,-2.15054,-5.26316,,2.04082,-12.44072,-0.27887,-0.76336,
243,2016-04-01,0.37,19062.709,5.1,3.8254778833095098,452443.0,89.0,0.25,0.5,208.33333,1.49325,-5.55556,29.12349,2.15512,-7.19499,2.77778,0.32112,2.0,72.16337,0.4177,-2.1978,18043.2209307772
244,2016-05-01,0.37,,4.8,3.2805191880404,454003.0,94.7,0.25,0.5,208.33333,,-14.28571,31.15303,1.72483,4.41014,0.0,,-5.88235,-14.24551,0.34479,6.40449,
245,2016-06-01,0.38,,4.9,2.10339046055212,458757.0,93.5,0.25,0.5,192.30769,,-7.54717,-29.23595,2.71085,-2.70552,2.7027,,2.08333,-35.88239,1.04713,-1.26716,
246,2016-07-01,0.39,19197.938,4.8,2.49016471097936,458192.0,90.0,0.25,0.5,200.0,1.80576,-7.69231,29.55941,1.7612,-3.32975,2.63158,0.70939,-2.04082,18.38813,-0.12316,-3.74332,18112.571697664982
247,2016-08-01,0.4,,4.9,2.7425708907920803,458505.0,89.8,0.25,0.5,185.71429,,-3.92157,67.66026,1.8289,-2.28509,2.5641,,2.08333,10.13612,0.06831,-0.22222,
248,2016-09-01,0.4,,5.0,2.49832933493122,461454.0,91.2,0.25,0.5,185.71429,,0.0,-16.67835,2.98221,4.58716,0.0,,2.04082,-8.90557,0.64318,1.55902,
249,2016-10-01,0.4,19304.352,4.9,2.01802556175075,462455.0,87.2,0.25,0.5,233.33333,2.18157,-2.0,-11.61278,3.43829,-3.11111,0.0,0.5543,-2.0,-19.225,0.21692,-4.38596,18182.731376646527
250,2016-11-01,0.41,,4.7,2.45883151623452,462288.0,93.8,0.25,0.5,241.66667,,-7.84314,8.53465,2.98424,2.73823,2.5,,-4.08163,21.84343,-0.03611,7.56881,
251,2016-12-01,0.54,,4.7,2.03838510774881,467979.0,98.2,0.25,0.5,125.0,,-6.0,11.10063,3.85432,6.04752,31.70732,,0.0,-17.09944,1.23105,4.69083,
252,2017-01-01,0.65,19398.343,4.7,3.43630577482943,473101.0,98.5,0.5,0.75,91.17647,2.08746,-2.08333,26.87508,5.70648,7.06522,20.37037,0.48689,0.0,68.57981,1.09449,0.3055,18258.023077229544
253,2017-02-01,0.66,,4.6,3.2923463387532204,472927.0,96.3,0.5,0.75,73.68421,,-6.12245,29.73668,4.67132,5.01636,1.53846,,-2.12766,-4.18937,-0.03678,-2.2335,
254,2017-03-01,0.79,,4.4,1.91438367511723,472170.0,96.9,0.5,0.75,119.44444,,-12.0,-13.8443,4.79602,6.48352,19.69697,,-4.34783,-41.85351,-0.16007,0.62305,
255,2017-04-01,0.9,19506.949,4.4,1.5536583625790101,473916.0,97.0,0.75,1.0,143.24324,2.33041,-13.72549,-59.38655,4.74601,8.98876,13.92405,0.55987,0.0,-18.8429,0.36978,0.1032,18341.091296108643
256,2017-05-01,0.91,,4.4,2.1132188709843502,471486.0,97.1,0.75,1.0,145.94595,,-8.33333,-35.58279,3.85086,2.53432,1.11111,,0.0,36.01567,-0.51275,0.10309,
257,2017-06-01,1.04,,4.3,1.8968337862046698,473538.0,95.0,0.75,1.0,173.68421,,-12.2449,-9.82018,3.22197,1.60428,14.28571,,-2.27273,-10.2396,0.43522,-2.16272,
258,2017-07-01,1.15,19660.766,4.3,2.1220936834140702,473583.0,93.4,1.0,1.25,194.87179,2.41082,-10.41667,-14.78099,3.35907,3.77778,10.57692,0.78852,0.0,11.87557,0.0095,-1.68421,18431.69252573088
259,2017-08-01,1.16,,4.4,2.2747579876520403,474421.0,96.8,1.0,1.25,190.0,,-10.20408,-17.05746,3.47128,7.7951,0.86957,,2.32558,7.19404,0.17695,3.64026,
260,2017-09-01,1.15,,4.3,2.8702567714483,484107.0,95.1,1.0,1.25,187.5,,-14.0,14.88705,4.90905,4.27632,-0.86207,,-2.27273,26.17856,2.04165,-1.7562,
261,2017-10-01,1.15,19882.352,4.2,2.4249630240346502,485016.0,100.7,1.0,1.25,187.5,2.99414,-14.28571,20.16513,4.87853,15.48165,0.0,1.12705,-2.32558,-15.51407,0.18777,5.88854,18525.540534936423
262,2017-11-01,1.16,,4.2,2.42039295861358,489917.0,98.5,1.0,1.25,182.92683,,-10.6383,-1.56329,5.97658,5.01066,0.86957,,0.0,-0.18846,1.01048,-2.18471,
263,2017-12-01,1.3,,4.1,2.95574718908234,492859.0,95.9,1.0,1.25,140.74074,,-12.76596,45.00436,5.31648,-2.34216,12.06897,,-2.38095,22.11848,0.60051,-2.63959,
264,2018-01-01,1.41,20044.077,4.0,4.17000041826154,490447.0,95.7,1.25,1.5,116.92308,3.32881,-14.89362,21.35126,3.66645,-2.84264,8.46154,0.81341,-2.43902,41.08109,-0.48939,-0.20855,18619.201318607702
265,2018-02-01,1.42,,4.1,2.01327934554867,493422.0,99.7,1.25,1.5,115.15152,,-10.86957,-38.84971,4.33365,3.53063,0.70922,,2.5,-51.71992,0.60659,4.17973,
266,2018-03-01,1.51,,4.0,1.9619000737253898,493123.0,101.4,1.25,1.5,91.13924,,-9.09091,2.48207,4.4376,4.64396,6.33803,,-2.43902,-2.55202,-0.0606,1.70512,
267,2018-04-01,1.69,20150.476,4.0,2.93200914809488,494303.0,98.8,1.5,1.75,87.77778,3.29896,-9.09091,88.71647,4.30182,1.85567,11.92053,0.53083,0.0,49.44743,0.23929,-2.5641,18709.61826941311
268,2018-05-01,1.7,,3.8,2.9818325508401204,500585.0,98.0,1.5,1.75,86.81319,,-13.63636,41.10382,6.17176,0.92688,0.59172,,-5.0,1.69929,1.27088,-0.80972,
269,2018-06-01,1.82,,4.0,2.6321178885371204,498989.0,98.2,1.5,1.75,75.0,,-6.97674,38.76376,5.37465,3.36842,7.05882,,5.26316,-11.72818,-0.31883,0.20408,
270,2018-07-01,1.91,20276.154,3.8,2.11149391449985,502441.0,97.9,1.75,2.0,66.08696,3.13003,-11.62791,-0.4995,6.09355,4.81799,4.94505,0.6237,-5.0,-19.77966,0.6918,-0.3055,18797.95031837295
271,2018-08-01,1.91,,3.8,2.2967112867851003,502076.0,96.2,1.75,2.0,64.65517,,-13.63636,0.96508,5.82921,-0.61983,0.0,,0.0,8.77186,-0.07265,-1.73647,
272,2018-09-01,1.95,,3.7,2.3337233555462205,499995.0,100.1,1.75,2.0,69.56522,,-13.95349,-18.69287,3.28192,5.25762,2.09424,,-2.63158,1.61152,-0.41448,4.05405,
273,2018-10-01,2.19,20304.874,3.8,2.60626268747923,505338.0,98.6,2.0,2.25,90.43478,2.12511,-9.52381,7.47639,4.18996,-2.0854,12.30769,0.14164,2.7027,11.67831,1.06861,-1.4985,18884.59789273424
274,2018-11-01,2.2,,3.8,3.7237636017007705,507073.0,97.5,2.0,2.25,89.65517,,-9.52381,53.84955,3.50182,-1.01523,0.45662,,0.0,42.87752,0.34333,-1.11562,
275,2018-12-01,2.27,,3.9,2.9117770150544304,496683.0,98.3,2.0,2.25,74.61538,,-4.87805,-1.48762,0.77588,2.50261,3.18182,,2.63158,-21.80554,-2.04901,0.82051,
276,2019-01-01,2.4,20415.15,4.0,3.23099390584713,499639.0,91.2,2.25,2.5,70.21277,1.85129,0.0,-22.51814,1.87421,-4.70219,5.72687,0.5431,2.5641,10.96296,0.59515,-7.22279,18971.80739529531
277,2019-02-01,2.4,,3.8,3.02451212422616,500570.0,93.8,2.25,2.5,69.01408,,-7.31707,50.22814,1.44866,-5.91775,0.0,,-5.0,-6.39066,0.18633,2.85088,
278,2019-03-01,2.41,,3.8,3.2071444963092297,508402.0,98.4,2.25,2.5,59.60265,,-5.0,63.47135,3.09842,-2.95858,0.41667,,0.0,6.03841,1.56462,4.90405,
279,2019-04-01,2.42,20584.528,3.6,2.2774968873232595,508687.0,97.2,2.25,2.5,43.19527,2.15405,-10.0,-22.323,2.90996,-1.61943,0.41494,0.82967,-5.26316,-28.98677,0.05606,-1.21951,19061.787613611326
280,2019-05-01,2.39,,3.7,2.5585351456762795,512334.0,100.0,2.25,2.5,40.58824,,-2.63158,-14.19588,2.34705,2.04082,-1.23967,,2.77778,12.33979,0.71694,2.88066,
281,2019-06-01,2.38,,3.6,3.80734521449875,513162.0,98.2,2.25,2.5,30.76923,,-10.0,44.64949,2.84034,0.0,-0.41841,,-2.7027,48.80957,0.16161,-1.8,
282,2019-07-01,2.4,20817.581,3.7,2.4690479946519703,517547.0,98.4,2.25,2.5,25.65445,2.67026,-2.63158,16.9337,3.00652,0.51073,0.84034,1.13218,2.77778,-35.1504,0.85451,0.20367,19154.50856247099
283,2019-08-01,2.13,,3.7,2.4628290795772902,521011.0,89.8,2.0,2.25,11.51832,,-2.63158,7.23285,3.77134,-6.65281,-11.25,,0.0,-0.25188,0.66931,-8.73984,
284,2019-09-01,2.04,,3.5,3.1506552025939,518121.0,93.2,2.0,2.25,4.61538,,-5.40541,35.00551,3.62524,-6.89311,-4.22535,,-5.40541,27.92829,-0.55469,3.78619,
285,2019-10-01,1.83,20951.088,3.6,2.5257194144136,519530.0,95.5,1.75,2.0,-16.43836,3.18256,-5.26316,-3.09037,2.80842,-3.14402,-10.29412,0.64132,2.85714,-19.83511,0.27194,2.46781,19247.215239546244
286,2019-11-01,1.55,,3.6,3.45027019634134,523313.0,96.8,1.5,1.75,-29.54545,,-5.26316,-7.34454,3.20269,-0.71795,-15.30055,,0.0,36.60544,0.72816,1.36126,
287,2019-12-01,1.55,,3.6,2.61233046409994,525405.0,99.3,1.5,1.75,-31.71806,,-7.69231,-10.28398,5.78276,1.01729,0.0,,0.0,-24.28621,0.39976,2.58264,
288,2020-01-01,1.55,20665.553,3.5,3.20697563356733,524991.0,99.8,1.5,1.75,-35.41667,1.22655,-12.5,-0.74337,5.07406,9.42982,0.0,-1.36286,-2.77778,22.76301,-0.0788,0.50352,19336.519435838658
289,2020-02-01,1.58,,3.5,2.70863053554713,525359.0,101.0,1.5,1.75,-34.16667,,-7.89474,-10.44405,4.95215,7.67591,1.93548,,0.0,-15.53941,0.0701,1.2024,
290,2020-03-01,0.65,,4.4,2.96654438067967,478099.0,89.1,1.5,1.75,-73.02905,,15.78947,-7.502,-5.96044,-9.45122,-58.86076,,25.71429,9.52193,-8.99575,-11.78218,
291,2020-04-01,0.05,19034.83,14.7,1.9683735023159599,408187.0,71.8,0.0,0.25,-97.93388,-7.52846,308.33333,-13.57294,-19.75675,-26.13169,-92.30769,-7.89102,234.09091,-33.6476,-14.62291,-19.41639,19419.26635303663
292,2020-05-01,0.05,,13.2,2.89504426558853,485791.0,72.3,0.0,0.25,-97.90795,,256.75676,13.15241,-5.1808,-27.7,0.0,,-10.20408,47.07799,19.01187,0.69638,
293,2020-06-01,0.08,,11.0,1.68037017264615,527459.0,78.1,0.0,0.25,-96.63866,,205.55556,-55.86504,2.78606,-20.46843,60.0,,-16.66667,-41.95701,8.57735,8.02213,
294,2020-07-01,0.09,20511.785,10.2,3.61082947310352,535844.0,72.5,0.0,0.25,-96.25,-1.46893,175.67568,46.24379,3.53533,-26.32114,12.5,7.75922,-7.27273,114.88298,1.5897,-7.17029,19490.371349662142
295,2020-08-01,0.1,,8.4,2.23572327671315,541193.0,74.1,0.0,0.25,-95.30516,,127.02703,-9.22134,3.87362,-17.4833,11.11111,,-17.64706,-38.08283,0.99824,2.2069,
296,2020-09-01,0.09,,7.9,1.1339330439988702,551970.0,80.4,0.0,0.25,-95.58824,,125.71429,-64.00961,6.53303,-13.73391,-10.0,,-5.95238,-49.28115,1.99134,8.50202,
297,2020-10-01,0.09,20724.128,6.9,1.83845624148977,549765.0,81.8,0.0,0.25,-95.08197,-1.08329,91.66667,-27.21059,5.81968,-14.34555,0.0,1.03522,-12.65823,62.13093,-0.39948,1.74129,19573.103807292042
298,2020-11-01,0.09,,6.7,1.21891052470624,544839.0,76.9,0.0,0.25,-94.19355,,86.11111,-64.67203,4.11341,-20.55785,0.0,,-2.89855,-33.69924,-0.89602,-5.99022,
299,2020-12-01,0.09,,6.7,1.6244821427238203,550198.0,80.7,0.0,0.25,-94.19355,,86.11111,-37.81483,4.71884,-18.73112,0.0,,0.0,33.27329,0.98359,4.94148,
300,2021-01-01,0.09,20990.541,6.3,1.52430226027722,569309.0,79.0,0.0,0.25,-94.19355,1.57261,80.0,-52.46917,8.44167,-20.84168,0.0,1.28552,-5.97015,-6.16688,3.47348,-2.10657,19661.61661658684
301,2021-02-01,0.08,,6.2,2.8103907135000403,554929.0,76.8,0.0,0.25,-94.93671,,77.14286,3.75689,5.62853,-23.9604,-11.11111,,-1.5873,84.37227,-2.52587,-2.78481,
302,2021-03-01,0.07,,6.1,2.3566512577708503,615573.0,84.9,0.0,0.25,-89.23077,,38.63636,-20.55904,28.7543,-4.7138,-12.5,,-1.6129,-16.14507,10.92824,10.54688,
303,2021-04-01,0.07,21309.544,6.1,2.7458149440762,620556.0,88.3,0.0,0.25,40.0,11.95027,-58.5034,39.49664,52.02738,22.9805,0.0,1.51975,0.0,16.51342,0.80949,4.00471,19756.957425633358
304,2021-05-01,0.06,,5.8,3.33847353905972,615378.0,82.9,0.0,0.25,20.0,,-56.06061,15.31684,26.67546,14.66113,-14.28571,,-4.91803,21.58407,-0.83441,-6.11552,
305,2021-06-01,0.08,,5.9,3.1694932706457504,621612.0,85.5,0.0,0.25,0.0,,-46.36364,88.61875,17.8503,9.47503,33.33333,,1.72414,-5.0616,1.01304,3.13631,
306,2021-07-01,0.1,21483.083,5.4,3.58104546874516,612394.0,81.2,0.0,0.25,11.11111,4.73532,-47.05882,-0.82485,14.28587,12.0,25.0,0.81437,-8.47458,12.98479,-1.48292,-5.02924,19856.923211019486
307,2021-08-01,0.09,,5.2,4.02203767076941,617658.0,70.3,0.0,0.25,-10.0,,-38.09524,79.89873,14.12897,-5.12821,-10.0,,-3.7037,12.31462,0.85958,-13.42365,
308,2021-09-01,0.08,,4.8,5.05427501660436,622104.0,72.8,0.0,0.25,-11.11111,,-39.24051,345.72958,12.70613,-9.45274,-11.11111,,-7.69231,25.66454,0.71982,3.55619,
309,2021-10-01,0.08,21847.602,4.5,7.662852587467969,632065.0,71.7,0.0,0.25,-11.11111,5.42109,-34.78261,316.80908,14.97003,-12.34719,0.0,1.69677,-6.25,51.61131,1.60118,-1.51099,19957.974447710763
310,2021-11-01,0.08,,4.2,6.24507044851239,639228.0,67.4,0.0,0.25,-11.11111,,-37.31343,412.34855,17.3242,-12.35371,0.0,,-6.66667,-18.50202,1.13327,-5.99721,
311,2021-12-01,0.08,,3.9,5.61179705867823,635598.0,70.6,0.0,0.25,-11.11111,,-41.79104,245.45145,15.52168,-12.51549,0.0,,-7.14286,-10.14037,-0.56787,4.74777,
312,2022-01-01,0.08,21738.871,4.0,6.99282631112532,644750.0,67.2,0.0,0.25,-11.11111,3.56508,-36.50794,358.75588,13.25133,-14.93671,0.0,-0.49768,2.5641,24.60939,1.4399,-4.81586,20057.88
313,2022-02-01,0.08,,3.8,6.51955458274716,653552.0,62.8,0.0,0.25,0.0,,-38.70968,131.98036,17.77218,-18.22917,0.0,,-5.0,-6.76796,1.36518,-6.54762,
314,2022-03-01,0.2,,3.6,6.35024941072335,667050.0,59.4,0.0,0.25,185.71429,,-40.98361,169.46072,8.36245,-30.03534,150.0,,-5.26316,-2.59688,2.06533,-5.41401,
315,2022-04-01,0.33,21708.16,3.6,6.03032022330425,675899.0,65.2,0.25,0.5,371.42857,1.8706,-40.98361,119.6186,8.91829,-26.16082,65.0,-0.14127,0.0,-5.03806,1.32659,9.76431,20153.81
316,2022-05-01,0.77,,3.6,7.50394411350803,674915.0,58.4,0.25,0.5,1183.33333,,-37.93103,124.77171,9.67487,-29.55368,133.33333,,0.0,24.43691,-0.14558,-10.42945,
317,2022-06-01,1.21,,3.6,7.924919184464071,680515.0,50.0,0.75,1.0,1412.5,,-38.98305,150.03742,9.47585,-41.52047,57.14286,,0.0,5.61005,0.82973,-14.38356,
318,2022-07-01,1.68,21851.134,3.5,6.423611018812459,675822.0,51.5,1.5,1.75,1580.0,1.71321,-35.18519,79.37809,10.35738,-36.57635,38.84298,0.65862,-2.77778,-18.94414,-0.68962,3.0,20245.66
319,2022-08-01,2.33,,3.7,8.46391746602624,680252.0,58.2,2.25,2.5,2488.88889,,-28.84615,110.43854,10.13409,-17.21195,38.69048,,5.71429,31.76261,0.6555,13.00971,
320,2022-09-01,2.56,,3.5,8.38296430227019,678202.0,58.6,2.25,2.5,3100.0,,-27.08333,65.85889,9.01746,-19.50549,9.87124,,-5.40541,-0.95645,-0.30136,0.68729,
321,2022-10-01,3.08,21989.981,3.7,6.50774804422964,687871.0,59.9,3.0,3.25,3750.0,0.65169,-17.77778,-15.07408,8.82916,-16.45746,20.3125,0.63542,5.71429,-22.36937,1.42568,2.21843,20334.21
322,2022-11-01,3.78,,3.6,5.76577021806237,678482.0,56.7,3.0,3.25,4625.0,,-14.28571,-7.67486,6.14084,-15.87537,22.72727,,-2.7027,-11.40145,-1.36494,-5.34224,
323,2022-12-01,4.1,,3.5,7.04916103059838,673619.0,59.8,3.75,4.0,5025.0,,-10.25641,25.61326,5.98193,-15.29745,8.46561,,-2.77778,22.25879,-0.71675,5.46737,
324,2023-01-01,4.33,22112.329,3.4,8.142495355377719,692501.0,64.9,4.25,4.5,5312.5,1.71793,-15.0,16.44069,7.40613,-3.42262,5.60976,0.55638,-2.85714,15.51013,2.80307,8.52843,20420.68
325,2023-02-01,4.57,,3.6,7.880495894967001,687942.0,66.9,4.25,4.5,5612.5,,-5.26316,20.87476,5.26201,6.52866,5.54273,,5.88235,-3.21768,-0.65834,3.08166,
326,2023-03-01,4.65,,3.5,4.90705452795612,681673.0,62.0,4.5,4.75,2225.0,,-2.77778,-22.72659,2.19219,4.3771,1.75055,,-2.77778,-37.73165,-0.91127,-7.32436,
327,2023-04-01,4.83,22225.35,3.4,4.91159508026411,684636.0,63.7,4.75,5.0,1363.63636,2.38247,-5.55556,-18.55167,1.29265,-2.30061,3.87097,0.51112,-2.85714,0.09253,0.43467,2.74194,20511.89
328,2023-05-01,5.06,,3.7,4.65568634289892,689158.0,59.0,4.75,5.0,557.14286,,2.77778,-37.95681,2.11034,1.0274,4.7619,,8.82353,-5.2103,0.6605,-7.37834,
329,2023-06-01,5.08,,3.6,4.35544718579104,690518.0,64.2,5.0,5.25,319.83471,,0.0,-45.04112,1.46992,28.4,0.39526,,-2.7027,-6.44887,0.19734,8.81356,
330,2023-07-01,5.12,22491.567,3.5,2.283639185594,694415.0,71.5,5.0,5.25,204.7619,2.93089,0.0,-64.44929,2.75117,38.83495,0.7874,1.19781,-2.77778,-47.5682,0.56436,11.37072,20603.7
331,2023-08-01,5.33,,3.8,4.027317641913,699540.0,69.4,5.25,5.5,128.75536,,2.7027,-52.41781,2.83542,19.24399,4.10156,,8.57143,76.35525,0.73803,-2.93706,
332,2023-09-01,5.33,,3.8,5.626580337291111,705701.0,67.9,5.25,5.5,108.20313,,8.57143,-32.88078,4.05469,15.87031,0.0,,0.0,39.71037,0.88072,-2.16138,
333,2023-10-01,5.33,,3.9,3.88194757515472,704954.0,63.8,5.25,5.5,73.05195,,5.40541,-40.34883,2.48346,6.51085,0.0,,2.63158,-31.00698,-0.10585,-6.03829,20693.38
